<?xml version="1.0" encoding="UTF-8"?>
<extension>
  <name>PLUGIN_TVH</name>
  <creator>Andrew Jackson, Luke Easter</creator>
  <defaultState>enabled</defaultState>
  <description>PLUGIN_TVH_DESC</description>
  <email>squeeze@codechimp.org</email>
  <id>e7c9277a-f0ad-4bbc-94a9-de2e019b1a2c</id>
  <module>Plugins::TVH::Plugin</module>
  <optionsURL>plugins/TVH/settings/basic.html</optionsURL>
  <icon>plugins/TVH/html/images/icon_svg.png</icon>
  <targetApplication>
    <id>SqueezeCenter</id>
    <maxVersion>*</maxVersion>
    <minVersion>7.7.6</minVersion>
  </targetApplication>
  <type>2</type>
  <version>1.3.31</version>
</extension>
